{
    "iou_scores": [
        {
            "macro": {
                "f1": 0.0005,
                "p": 0.001,
                "r": 0.0003333333333333333
            },
            "micro": {
                "f1": 0.0006321112515802782,
                "p": 0.001,
                "r": 0.0004621072088724584
            },
            "threshold": 0.5
        }
    ],
    "rationale_prf": {
        "instance_macro": {
            "f1": 0.0005,
            "p": 0.001,
            "r": 0.0003333333333333333
        },
        "instance_micro": {
            "f1": 0.0006321112515802782,
            "p": 0.001,
            "r": 0.0004621072088724584
        }
    },
    "token_prf": {
        "instance_macro": {
            "f1": 0.013812882640708672,
            "p": 0.20999999999999988,
            "r": 0.007260837856469262
        },
        "instance_micro": {
            "f1": 0.010872378980067304,
            "p": 0.21,
            "r": 0.005580653733723093
        }
    }
}