{
    "iou_scores": [
        {
            "macro": {
                "f1": 0.0036879354551131575,
                "p": 0.002133333333333333,
                "r": 0.01359455906387955
            },
            "micro": {
                "f1": 0.0037287345607084593,
                "p": 0.0021333333333333334,
                "r": 0.014787430683918669
            },
            "threshold": 0.5
        }
    ],
    "rationale_prf": {
        "instance_macro": {
            "f1": 0.0007863822663977999,
            "p": 0.00046666666666666666,
            "r": 0.003053241298930954
        },
        "instance_micro": {
            "f1": 0.0008156606851549756,
            "p": 0.00046666666666666666,
            "r": 0.003234750462107209
        }
    },
    "token_prf": {
        "instance_macro": {
            "f1": 0.12988605924384464,
            "p": 0.2134,
            "r": 0.10609941393017273
        },
        "instance_micro": {
            "f1": 0.1216416492494775,
            "p": 0.2134,
            "r": 0.08506510762689344
        }
    }
}