{
    "iou_scores": [
        {
            "macro": {
                "f1": 0.0026422198283935256,
                "p": 0.0017500000000000003,
                "r": 0.005390524114154946
            },
            "micro": {
                "f1": 0.0027548209366391185,
                "p": 0.00175,
                "r": 0.006469500924214418
            },
            "threshold": 0.5
        }
    ],
    "rationale_prf": {
        "instance_macro": {
            "f1": 0.0008994829343475774,
            "p": 0.000625,
            "r": 0.001973695844385499
        },
        "instance_micro": {
            "f1": 0.0009838646202282567,
            "p": 0.000625,
            "r": 0.0023105360443622922
        }
    },
    "token_prf": {
        "instance_macro": {
            "f1": 0.08622817342885741,
            "p": 0.21824999999999992,
            "r": 0.05868808278717295
        },
        "instance_micro": {
            "f1": 0.07652859960552269,
            "p": 0.21825,
            "r": 0.04639914961466915
        }
    }
}