{
    "iou_scores": [
        {
            "macro": {
                "f1": 0.003343471902178904,
                "p": 0.002090909090909091,
                "r": 0.008338911933232418
            },
            "micro": {
                "f1": 0.0034943786083257364,
                "p": 0.0020909090909090908,
                "r": 0.010628465804066543
            },
            "threshold": 0.5
        }
    ],
    "rationale_prf": {
        "instance_macro": {
            "f1": 0.0008577464965121666,
            "p": 0.0005454545454545455,
            "r": 0.002428241298930954
        },
        "instance_micro": {
            "f1": 0.000911577028258888,
            "p": 0.0005454545454545455,
            "r": 0.0027726432532347504
        }
    },
    "token_prf": {
        "instance_macro": {
            "f1": 0.10705527617527184,
            "p": 0.21536363636363645,
            "r": 0.07944555571847803
        },
        "instance_micro": {
            "f1": 0.09742957022414148,
            "p": 0.21536363636363637,
            "r": 0.06295508902471432
        }
    }
}