{
    "iou_scores": [
        {
            "macro": {
                "f1": 0.002935329737225145,
                "p": 0.0016250000000000004,
                "r": 0.015158441668203331
            },
            "micro": {
                "f1": 0.0028628055494384495,
                "p": 0.001625,
                "r": 0.012014787430683918
            },
            "threshold": 0.5
        }
    ],
    "rationale_prf": {
        "instance_macro": {
            "f1": 0.0011657596541608637,
            "p": 0.0006875,
            "r": 0.004885157354477841
        },
        "instance_micro": {
            "f1": 0.0012111869632239593,
            "p": 0.0006875,
            "r": 0.005083179297597043
        }
    },
    "token_prf": {
        "instance_macro": {
            "f1": 0.13734340587013472,
            "p": 0.224375,
            "r": 0.11462340863421991
        },
        "instance_micro": {
            "f1": 0.13388029088196904,
            "p": 0.224375,
            "r": 0.09540260430507573
        }
    }
}