{
    "iou_scores": [
        {
            "macro": {
                "f1": 0.003136542520434522,
                "p": 0.0018888888888888883,
                "r": 0.00923932402114451
            },
            "micro": {
                "f1": 0.0030455034037979215,
                "p": 0.001888888888888889,
                "r": 0.007855822550831794
            },
            "threshold": 0.5
        }
    ],
    "rationale_prf": {
        "instance_macro": {
            "f1": 0.0013388050419932556,
            "p": 0.0008888888888888889,
            "r": 0.0033851573544778414
        },
        "instance_micro": {
            "f1": 0.0014331780723754928,
            "p": 0.0008888888888888889,
            "r": 0.0036968576709796672
        }
    },
    "token_prf": {
        "instance_macro": {
            "f1": 0.10135039259987204,
            "p": 0.24622222222222218,
            "r": 0.07192394635009947
        },
        "instance_micro": {
            "f1": 0.09504610765601544,
            "p": 0.24622222222222223,
            "r": 0.05888918416157321
        }
    }
}