{
    "iou_scores": [
        {
            "macro": {
                "f1": 0.0030845973921273255,
                "p": 0.0020000000000000005,
                "r": 0.006739324021144509
            },
            "micro": {
                "f1": 0.0031483667847304214,
                "p": 0.002,
                "r": 0.0073937153419593345
            },
            "threshold": 0.5
        }
    ],
    "rationale_prf": {
        "instance_macro": {
            "f1": 0.0014635921637652144,
            "p": 0.001,
            "r": 0.0033851573544778414
        },
        "instance_micro": {
            "f1": 0.0015741833923652107,
            "p": 0.001,
            "r": 0.0036968576709796672
        }
    },
    "token_prf": {
        "instance_macro": {
            "f1": 0.0944381551824142,
            "p": 0.25249999999999995,
            "r": 0.06513164163924762
        },
        "instance_micro": {
            "f1": 0.08853824238439623,
            "p": 0.2525,
            "r": 0.05368057401009833
        }
    }
}