{
    "iou_scores": [
        {
            "macro": {
                "f1": 0.000736842105263158,
                "p": 0.001,
                "r": 0.0005833333333333334
            },
            "micro": {
                "f1": 0.0009606147934678194,
                "p": 0.001,
                "r": 0.0009242144177449168
            },
            "threshold": 0.5
        }
    ],
    "rationale_prf": {
        "instance_macro": {
            "f1": 0.0004,
            "p": 0.0005,
            "r": 0.0003333333333333333
        },
        "instance_micro": {
            "f1": 0.0004803073967339097,
            "p": 0.0005,
            "r": 0.0004621072088724584
        }
    },
    "token_prf": {
        "instance_macro": {
            "f1": 0.02574722115296999,
            "p": 0.2070000000000001,
            "r": 0.014199875680409414
        },
        "instance_micro": {
            "f1": 0.02089326267978804,
            "p": 0.207,
            "r": 0.011001860217911242
        }
    }
}