{
    "iou_scores": [
        {
            "macro": {
                "f1": 0.0012727272727272726,
                "p": 0.001,
                "r": 0.0017499999999999998
            },
            "micro": {
                "f1": 0.0012978585334198574,
                "p": 0.001,
                "r": 0.0018484288354898336
            },
            "threshold": 0.5
        }
    ],
    "rationale_prf": {
        "instance_macro": {
            "f1": 0.0006703296703296704,
            "p": 0.0005,
            "r": 0.0011666666666666668
        },
        "instance_micro": {
            "f1": 0.0006489292667099287,
            "p": 0.0005,
            "r": 0.0009242144177449168
        }
    },
    "token_prf": {
        "instance_macro": {
            "f1": 0.0485250852370261,
            "p": 0.21200000000000008,
            "r": 0.028950682878203918
        },
        "instance_micro": {
            "f1": 0.04073985106894067,
            "p": 0.212,
            "r": 0.022535211267605635
        }
    }
}