{
    "iou_scores": [
        {
            "macro": {
                "f1": 0.003079204859883258,
                "p": 0.0019999999999999996,
                "r": 0.006688143161773993
            },
            "micro": {
                "f1": 0.0032246506628448588,
                "p": 0.002,
                "r": 0.00831792975970425
            },
            "threshold": 0.5
        }
    ],
    "rationale_prf": {
        "instance_macro": {
            "f1": 0.0008241401801239529,
            "p": 0.0005555555555555556,
            "r": 0.0019736958443854996
        },
        "instance_micro": {
            "f1": 0.0008957362952346829,
            "p": 0.0005555555555555556,
            "r": 0.0023105360443622922
        }
    },
    "token_prf": {
        "instance_macro": {
            "f1": 0.093108663292277,
            "p": 0.21666666666666679,
            "r": 0.06511168476492231
        },
        "instance_micro": {
            "f1": 0.08363714346986918,
            "p": 0.21666666666666667,
            "r": 0.051820356098857295
        }
    }
}