{
    "iou_scores": [
        {
            "macro": {
                "f1": 0.0028810532879176777,
                "p": 0.0016666666666666666,
                "r": 0.010616775001536667
            },
            "micro": {
                "f1": 0.002824060999717594,
                "p": 0.0016666666666666668,
                "r": 0.009242144177449169
            },
            "threshold": 0.5
        }
    ],
    "rationale_prf": {
        "instance_macro": {
            "f1": 0.0012186560924129877,
            "p": 0.00075,
            "r": 0.004218490687811174
        },
        "instance_micro": {
            "f1": 0.0012708274498729173,
            "p": 0.00075,
            "r": 0.004158964879852125
        }
    },
    "token_prf": {
        "instance_macro": {
            "f1": 0.11861899587880904,
            "p": 0.23441666666666677,
            "r": 0.09054351409700345
        },
        "instance_micro": {
            "f1": 0.11335885553092886,
            "p": 0.23441666666666666,
            "r": 0.07475418549030029
        }
    }
}