{
    "iou_scores": [
        {
            "macro": {
                "f1": 0.0034136518134179404,
                "p": 0.0022857142857142863,
                "r": 0.006739324021144509
            },
            "micro": {
                "f1": 0.003491924923614142,
                "p": 0.002285714285714286,
                "r": 0.0073937153419593345
            },
            "threshold": 0.5
        }
    ],
    "rationale_prf": {
        "instance_macro": {
            "f1": 0.0016146115477705383,
            "p": 0.001142857142857143,
            "r": 0.003385157354477842
        },
        "instance_micro": {
            "f1": 0.001745962461807071,
            "p": 0.001142857142857143,
            "r": 0.0036968576709796672
        }
    },
    "token_prf": {
        "instance_macro": {
            "f1": 0.08689162924705787,
            "p": 0.2572857142857144,
            "r": 0.0583332147599182
        },
        "instance_micro": {
            "f1": 0.08070804391664799,
            "p": 0.2572857142857143,
            "r": 0.047860749402072814
        }
    }
}