{
    "iou_scores": [
        {
            "macro": {
                "f1": 0.0009565217391304348,
                "p": 0.001,
                "r": 0.0009166666666666668
            },
            "micro": {
                "f1": 0.0011618900077459333,
                "p": 0.001,
                "r": 0.0013863216266173752
            },
            "threshold": 0.5
        }
    ],
    "rationale_prf": {
        "instance_macro": {
            "f1": 0.0003333333333333333,
            "p": 0.0003333333333333333,
            "r": 0.0003333333333333333
        },
        "instance_micro": {
            "f1": 0.0003872966692486445,
            "p": 0.0003333333333333333,
            "r": 0.0004621072088724584
        }
    },
    "token_prf": {
        "instance_macro": {
            "f1": 0.038359001520450714,
            "p": 0.2150000000000001,
            "r": 0.021984925672443464
        },
        "instance_micro": {
            "f1": 0.03174993846911149,
            "p": 0.215,
            "r": 0.017140579325006643
        }
    }
}