{
    "iou_scores": [
        {
            "macro": {
                "f1": 0.0032482855275459874,
                "p": 0.0024,
                "r": 0.00502404624336673
            },
            "micro": {
                "f1": 0.003350083752093802,
                "p": 0.0024,
                "r": 0.005545286506469501
            },
            "threshold": 0.5
        }
    ],
    "rationale_prf": {
        "instance_macro": {
            "f1": 0.001805971981493803,
            "p": 0.0014000000000000002,
            "r": 0.0031073795767000635
        },
        "instance_micro": {
            "f1": 0.001954215522054718,
            "p": 0.0014,
            "r": 0.003234750462107209
        }
    },
    "token_prf": {
        "instance_macro": {
            "f1": 0.06976513774745376,
            "p": 0.2691999999999996,
            "r": 0.044315972061176566
        },
        "instance_micro": {
            "f1": 0.0631480178278208,
            "p": 0.2692,
            "r": 0.03576933297900611
        }
    }
}