{
    "iou_scores": [
        {
            "macro": {
                "f1": 0.0031109379828343124,
                "p": 0.001733333333333333,
                "r": 0.015158441668203331
            },
            "micro": {
                "f1": 0.0030295968305756233,
                "p": 0.0017333333333333333,
                "r": 0.012014787430683918
            },
            "threshold": 0.5
        }
    ],
    "rationale_prf": {
        "instance_macro": {
            "f1": 0.0012314581096052224,
            "p": 0.0007333333333333333,
            "r": 0.004885157354477841
        },
        "instance_micro": {
            "f1": 0.001281752505243533,
            "p": 0.0007333333333333333,
            "r": 0.005083179297597043
        }
    },
    "token_prf": {
        "instance_macro": {
            "f1": 0.13317537003927163,
            "p": 0.22693333333333335,
            "r": 0.10874914341494467
        },
        "instance_micro": {
            "f1": 0.1293558806764203,
            "p": 0.22693333333333332,
            "r": 0.09045973956949242
        }
    }
}