{
    "iou_scores": [
        {
            "macro": {
                "f1": 0.0032861082054985707,
                "p": 0.0021000000000000003,
                "r": 0.007551033145353631
            },
            "micro": {
                "f1": 0.0034528115751397566,
                "p": 0.0021,
                "r": 0.009704251386321626
            },
            "threshold": 0.5
        }
    ],
    "rationale_prf": {
        "instance_macro": {
            "f1": 0.0007605871624858967,
            "p": 0.0005,
            "r": 0.001973695844385499
        },
        "instance_micro": {
            "f1": 0.0008220979940808945,
            "p": 0.0005,
            "r": 0.0023105360443622922
        }
    },
    "token_prf": {
        "instance_macro": {
            "f1": 0.09972116125470178,
            "p": 0.21469999999999984,
            "r": 0.07190544942714364
        },
        "instance_micro": {
            "f1": 0.09015326474910772,
            "p": 0.2147,
            "r": 0.05705554079192134
        }
    }
}