{
    "iou_scores": [
        {
            "macro": {
                "f1": 0.0030282407595408523,
                "p": 0.0018000000000000002,
                "r": 0.009533441668203333
            },
            "micro": {
                "f1": 0.00295955277869122,
                "p": 0.0018,
                "r": 0.00831792975970425
            },
            "threshold": 0.5
        }
    ],
    "rationale_prf": {
        "instance_macro": {
            "f1": 0.0012338882851628344,
            "p": 0.0008,
            "r": 0.0033851573544778414
        },
        "instance_micro": {
            "f1": 0.0013153567905294311,
            "p": 0.0008,
            "r": 0.0036968576709796672
        }
    },
    "token_prf": {
        "instance_macro": {
            "f1": 0.1073584047654153,
            "p": 0.24120000000000005,
            "r": 0.07831479475000086
        },
        "instance_micro": {
            "f1": 0.10128070543774932,
            "p": 0.2412,
            "r": 0.0640977943130481
        }
    }
}