{
    "iou_scores": [
        {
            "macro": {
                "f1": 0.0022292993630573248,
                "p": 0.0025,
                "r": 0.002011494252873563
            },
            "micro": {
                "f1": 0.0024015369836695487,
                "p": 0.0025,
                "r": 0.0023105360443622922
            },
            "threshold": 0.5
        }
    ],
    "rationale_prf": {
        "instance_macro": {
            "f1": 0.001137820512820513,
            "p": 0.0015000000000000002,
            "r": 0.00117816091954023
        },
        "instance_micro": {
            "f1": 0.0014409221902017292,
            "p": 0.0015,
            "r": 0.0013863216266173752
        }
    },
    "token_prf": {
        "instance_macro": {
            "f1": 0.031070124072962658,
            "p": 0.2695000000000003,
            "r": 0.017190425223372437
        },
        "instance_micro": {
            "f1": 0.02720161493817815,
            "p": 0.2695,
            "r": 0.014323677916555939
        }
    }
}