{
    "iou_scores": [
        {
            "macro": {
                "f1": 0.0013333333333333333,
                "p": 0.001,
                "r": 0.002
            },
            "micro": {
                "f1": 0.0013958682300390843,
                "p": 0.001,
                "r": 0.0023105360443622922
            },
            "threshold": 0.5
        }
    ],
    "rationale_prf": {
        "instance_macro": {
            "f1": 0.0005725806451612903,
            "p": 0.0004,
            "r": 0.0011666666666666668
        },
        "instance_micro": {
            "f1": 0.0005583472920156337,
            "p": 0.0004,
            "r": 0.0009242144177449168
        }
    },
    "token_prf": {
        "instance_macro": {
            "f1": 0.05865657580221217,
            "p": 0.2139999999999999,
            "r": 0.036230427704971244
        },
        "instance_micro": {
            "f1": 0.050199390100867936,
            "p": 0.214,
            "r": 0.02843475950039862
        }
    }
}