{
    "iou_scores": [
        {
            "macro": {
                "f1": 0.0029611670354619587,
                "p": 0.0017272727272727275,
                "r": 0.010366775001536665
            },
            "micro": {
                "f1": 0.0028866605894864784,
                "p": 0.0017272727272727272,
                "r": 0.00878003696857671
            },
            "threshold": 0.5
        }
    ],
    "rationale_prf": {
        "instance_macro": {
            "f1": 0.0013083345910583166,
            "p": 0.0008181818181818182,
            "r": 0.004218490687811175
        },
        "instance_micro": {
            "f1": 0.0013673655423883319,
            "p": 0.0008181818181818182,
            "r": 0.004158964879852125
        }
    },
    "token_prf": {
        "instance_macro": {
            "f1": 0.11285303774115771,
            "p": 0.2373636363636365,
            "r": 0.08417575613775147
        },
        "instance_micro": {
            "f1": 0.10738227431626568,
            "p": 0.23736363636363636,
            "r": 0.06938612808929046
        }
    }
}