{
    "iou_scores": [
        {
            "macro": {
                "f1": 0.0033088950459017772,
                "p": 0.0018571428571428576,
                "r": 0.015158441668203331
            },
            "micro": {
                "f1": 0.0032170254887404106,
                "p": 0.0018571428571428571,
                "r": 0.012014787430683918
            },
            "threshold": 0.5
        }
    ],
    "rationale_prf": {
        "instance_macro": {
            "f1": 0.001305063516561944,
            "p": 0.0007857142857142857,
            "r": 0.004885157354477841
        },
        "instance_micro": {
            "f1": 0.0013610492452363278,
            "p": 0.0007857142857142857,
            "r": 0.005083179297597043
        }
    },
    "token_prf": {
        "instance_macro": {
            "f1": 0.12784021900851616,
            "p": 0.22800000000000004,
            "r": 0.10203709873526245
        },
        "instance_micro": {
            "f1": 0.12364904125508427,
            "p": 0.228,
            "r": 0.08482593675259102
        }
    }
}