{
    "iou_scores": [
        {
            "macro": {
                "f1": 0.003678740884957169,
                "p": 0.0021428571428571434,
                "r": 0.01298741620673669
            },
            "micro": {
                "f1": 0.0037119524870081666,
                "p": 0.002142857142857143,
                "r": 0.013863216266173753
            },
            "threshold": 0.5
        }
    ],
    "rationale_prf": {
        "instance_macro": {
            "f1": 0.0008334910643525909,
            "p": 0.0005,
            "r": 0.003053241298930954
        },
        "instance_micro": {
            "f1": 0.0008661222469685721,
            "p": 0.0005,
            "r": 0.003234750462107209
        }
    },
    "token_prf": {
        "instance_macro": {
            "f1": 0.12525249684536777,
            "p": 0.21464285714285736,
            "r": 0.10006580492760517
        },
        "instance_micro": {
            "f1": 0.11640519078055393,
            "p": 0.21464285714285714,
            "r": 0.07985649747541855
        }
    }
}