{
    "iou_scores": [
        {
            "macro": {
                "f1": 0.003373923535405433,
                "p": 0.0020833333333333333,
                "r": 0.008866689711010196
            },
            "micro": {
                "f1": 0.003530076249646993,
                "p": 0.0020833333333333333,
                "r": 0.01155268022181146
            },
            "threshold": 0.5
        }
    ],
    "rationale_prf": {
        "instance_macro": {
            "f1": 0.0008000394072026808,
            "p": 0.0005,
            "r": 0.0024282412989309545
        },
        "instance_micro": {
            "f1": 0.0008472182999152782,
            "p": 0.0005,
            "r": 0.0027726432532347504
        }
    },
    "token_prf": {
        "instance_macro": {
            "f1": 0.1131419669316473,
            "p": 0.21508333333333338,
            "r": 0.08595312080438346
        },
        "instance_micro": {
            "f1": 0.10400967156961514,
            "p": 0.21508333333333332,
            "r": 0.06858889184161573
        }
    }
}