{
    "iou_scores": [
        {
            "macro": {
                "f1": 0.0027433906655522805,
                "p": 0.00225,
                "r": 0.00351394523326572
            },
            "micro": {
                "f1": 0.0029201817001946787,
                "p": 0.00225,
                "r": 0.004158964879852125
            },
            "threshold": 0.5
        }
    ],
    "rationale_prf": {
        "instance_macro": {
            "f1": 0.0014201917773346345,
            "p": 0.00125,
            "r": 0.0020972785665990534
        },
        "instance_micro": {
            "f1": 0.0016223231667748218,
            "p": 0.00125,
            "r": 0.0023105360443622922
        }
    },
    "token_prf": {
        "instance_macro": {
            "f1": 0.058349365807340986,
            "p": 0.27399999999999985,
            "r": 0.03530102351045818
        },
        "instance_micro": {
            "f1": 0.05265433581551765,
            "p": 0.274,
            "r": 0.029125697581716715
        }
    }
}