{
    "iou_scores": [
        {
            "macro": {
                "f1": 0.002042152601965909,
                "p": 0.0014285714285714288,
                "r": 0.00357962667825751
            },
            "micro": {
                "f1": 0.002182453077258839,
                "p": 0.0014285714285714286,
                "r": 0.0046210720887245845
            },
            "threshold": 0.5
        }
    ],
    "rationale_prf": {
        "instance_macro": {
            "f1": 0.0007819706208425721,
            "p": 0.0005714285714285714,
            "r": 0.0015890804597701149
        },
        "instance_micro": {
            "f1": 0.0008729812309035355,
            "p": 0.0005714285714285715,
            "r": 0.0018484288354898336
        }
    },
    "token_prf": {
        "instance_macro": {
            "f1": 0.07750007065708345,
            "p": 0.21542857142857139,
            "r": 0.051294667600449984
        },
        "instance_micro": {
            "f1": 0.06757786242437823,
            "p": 0.21542857142857144,
            "r": 0.04007440871644964
        }
    }
}