{
    "iou_scores": [
        {
            "macro": {
                "f1": 0.0018670236501561802,
                "p": 0.0013333333333333333,
                "r": 0.003113095238095238
            },
            "micro": {
                "f1": 0.0019598236158745713,
                "p": 0.0013333333333333333,
                "r": 0.0036968576709796672
            },
            "threshold": 0.5
        }
    ],
    "rationale_prf": {
        "instance_macro": {
            "f1": 0.0006999999999999999,
            "p": 0.0005,
            "r": 0.0014166666666666666
        },
        "instance_micro": {
            "f1": 0.0007349338559529642,
            "p": 0.0005,
            "r": 0.0013863216266173752
        }
    },
    "token_prf": {
        "instance_macro": {
            "f1": 0.06874698789860365,
            "p": 0.2155000000000002,
            "r": 0.04406190948292909
        },
        "instance_micro": {
            "f1": 0.059271143708457485,
            "p": 0.2155,
            "r": 0.03436088227478076
        }
    }
}