{
    "iou_scores": [
        {
            "macro": {
                "f1": 0.0034255889782063083,
                "p": 0.002076923076923077,
                "r": 0.009769467488787974
            },
            "micro": {
                "f1": 0.0035610656818781325,
                "p": 0.002076923076923077,
                "r": 0.012476894639556377
            },
            "threshold": 0.5
        }
    ],
    "rationale_prf": {
        "instance_macro": {
            "f1": 0.000886645484912881,
            "p": 0.0005384615384615384,
            "r": 0.003053241298930954
        },
        "instance_micro": {
            "f1": 0.0009232392508572936,
            "p": 0.0005384615384615384,
            "r": 0.003234750462107209
        }
    },
    "token_prf": {
        "instance_macro": {
            "f1": 0.11911362176878676,
            "p": 0.21461538461538474,
            "r": 0.09266687068990309
        },
        "instance_micro": {
            "f1": 0.11021133715188622,
            "p": 0.21461538461538462,
            "r": 0.07414297103374967
        }
    }
}