{
    "iou_scores": [
        {
            "macro": {
                "f1": 0.0038212946024581054,
                "p": 0.0026666666666666666,
                "r": 0.006739324021144509
            },
            "micro": {
                "f1": 0.0039196472317491425,
                "p": 0.0026666666666666666,
                "r": 0.0073937153419593345
            },
            "threshold": 0.5
        }
    ],
    "rationale_prf": {
        "instance_macro": {
            "f1": 0.0018013307095768657,
            "p": 0.0013333333333333333,
            "r": 0.0033851573544778414
        },
        "instance_micro": {
            "f1": 0.0019598236158745713,
            "p": 0.0013333333333333333,
            "r": 0.0036968576709796672
        }
    },
    "token_prf": {
        "instance_macro": {
            "f1": 0.07850525053853188,
            "p": 0.2626666666666667,
            "r": 0.051252595284419174
        },
        "instance_micro": {
            "f1": 0.07224386889754755,
            "p": 0.26266666666666666,
            "r": 0.04188147754451236
        }
    }
}