{
    "iou_scores": [
        {
            "macro": {
                "f1": 0.0006666666666666666,
                "p": 0.001,
                "r": 0.0005
            },
            "micro": {
                "f1": 0.0006321112515802782,
                "p": 0.001,
                "r": 0.0004621072088724584
            },
            "threshold": 0.5
        }
    ],
    "rationale_prf": {
        "instance_macro": {
            "f1": 0.0,
            "p": 0.0,
            "r": 0.0
        },
        "instance_micro": {
            "f1": 0,
            "p": 0.0,
            "r": 0.0
        }
    },
    "token_prf": {
        "instance_macro": {
            "f1": 0.015634690611245505,
            "p": 0.264,
            "r": 0.008225660673515945
        },
        "instance_micro": {
            "f1": 0.013668133574941755,
            "p": 0.264,
            "r": 0.007015678979537603
        }
    }
}