{
    "iou_scores": [
        {
            "macro": {
                "f1": 0.002457142857142857,
                "p": 0.002333333333333333,
                "r": 0.0025948275862068965
            },
            "micro": {
                "f1": 0.002711076684740511,
                "p": 0.0023333333333333335,
                "r": 0.003234750462107209
            },
            "threshold": 0.5
        }
    ],
    "rationale_prf": {
        "instance_macro": {
            "f1": 0.0009307359307359306,
            "p": 0.001,
            "r": 0.00117816091954023
        },
        "instance_micro": {
            "f1": 0.0011618900077459333,
            "p": 0.001,
            "r": 0.0013863216266173752
        }
    },
    "token_prf": {
        "instance_macro": {
            "f1": 0.04569913858324936,
            "p": 0.2760000000000004,
            "r": 0.026736057068501004
        },
        "instance_micro": {
            "f1": 0.0407580605463943,
            "p": 0.276,
            "r": 0.022003720435822483
        }
    }
}