{
    "iou_scores": [
        {
            "macro": {
                "f1": 0.0034870005642846447,
                "p": 0.0020000000000000005,
                "r": 0.01359455906387955
            },
            "micro": {
                "f1": 0.0035234529839242457,
                "p": 0.002,
                "r": 0.014787430683918669
            },
            "threshold": 0.5
        }
    ],
    "rationale_prf": {
        "instance_macro": {
            "f1": 0.0007443387021751375,
            "p": 0.00043749999999999995,
            "r": 0.003053241298930954
        },
        "instance_micro": {
            "f1": 0.0007707553402334288,
            "p": 0.0004375,
            "r": 0.003234750462107209
        }
    },
    "token_prf": {
        "instance_macro": {
            "f1": 0.13497367580671504,
            "p": 0.21356249999999988,
            "r": 0.112504747552554
        },
        "instance_micro": {
            "f1": 0.12742867797874324,
            "p": 0.2135625,
            "r": 0.09080520861015147
        }
    }
}