{
    "iou_scores": [
        {
            "macro": {
                "f1": 0.003406713419906519,
                "p": 0.0019230769230769232,
                "r": 0.014908441668203331
            },
            "micro": {
                "f1": 0.0032972830387760486,
                "p": 0.0019230769230769232,
                "r": 0.01155268022181146
            },
            "threshold": 0.5
        }
    ],
    "rationale_prf": {
        "instance_macro": {
            "f1": 0.0012704597592584665,
            "p": 0.0007692307692307692,
            "r": 0.004635157354477841
        },
        "instance_micro": {
            "f1": 0.0013189132155104193,
            "p": 0.0007692307692307692,
            "r": 0.0046210720887245845
        }
    },
    "token_prf": {
        "instance_macro": {
            "f1": 0.1232589120220044,
            "p": 0.2309230769230771,
            "r": 0.09619717384024366
        },
        "instance_micro": {
            "f1": 0.11858581868457437,
            "p": 0.23092307692307693,
            "r": 0.07977677385065107
        }
    }
}